id,Dataset Size,WikiRank Score,Diversity Score,Final Score
0,5000,59.929456040000005,0.6659450007015072,63.26197805507536
